{
   "bpm" : [
      {
         "bpm" : 212.0,
         "time" : [ 0, 0, 1 ]
      }
   ],
   "effects" : [
      {
         "end" : [ 390, 0, 1 ],
         "global" : true,
         "line" : 0,
         "order" : 0,
         "shader" : "pixel",
         "start" : [ 380, 0, 1 ],
         "vars" : {
            "size" : [
               {
                  "easingType" : 1,
                  "end" : 5.0,
                  "endTime" : [ 380, 0, 1 ],
                  "start" : 5.0,
                  "startTime" : [ 380, 0, 1 ]
               },
               {
                  "easingType" : 1,
                  "end" : 0.0,
                  "endTime" : [ 390, 0, 1 ],
                  "start" : 5.0,
                  "startTime" : [ 388, 0, 1 ]
               }
            ]
         }
      }
   ]
}
